{
	"137": [
		{
			"name": "QuickSwap Dex",
			"image": "https://i.imgur.com/8G7QIrR.png",
			"factory": "0x5757371414417b8C6CAad45bAeF941aBc7d3Ab32",
			"router": "0xa5E0829CaCEd8fFDD4De3c43696c57F7D7A678ff",
			"description": "Defi Kingdoms Dex",
			"token": {
				"chainId": 137,
				"address": "0x831753dd7087cac61ab5644b308642cc1c33dc13",
				"decimals": 18,
				"name": "QuickSwap Token",
				"symbol": "QUICK",
				"logoURI": "https://i.imgur.com/8G7QIrR.png"
			}
		},
		{
			"name": "SushiSwap Dex",
			"image": "https://dexscreener.com/builds/1651128859/img/dexes/sushiswap.png",
			"factory": "0xc35DADB65012eC5796536bD9864eD8773aBc74C4",
			"router": "0x1b02dA8Cb0d097eB8D57A175b88c7D8b47997506",
			"masterchef": "0x80C7DD17B01855a6D2347444a0FCC36136a314de",
			"description": "SushiSwap Dex",
			"token": {
				"chainId": 137,
				"address": "0x0769fd68dFb93167989C6f7254cd0D766Fb2841F",
				"decimals": 18,
				"name": "SushiSwap Token",
				"symbol": "SUSHI",
				"logoURI": "https://dexscreener.com/builds/1651128859/img/dexes/sushiswap.png"
			}
		},
		{
			"name": "ApeSwap Dex",
			"image": "https://apeswap.finance/logo.png",
			"factory": "0xCf083Be4164828f00cAE704EC15a36D711491284",
			"router": "0xC0788A3aD43d79aa53B09c2EaCc313A787d1d607",
			"description": "ApeSwap Dex",
			"token": {
				"chainId": 137,
				"address": "0x5d47baba0d66083c52009271faf3f50dcc01023c",
				"decimals": 18,
				"name": "ApeSwap Banana Token Polygon",
				"symbol": "BANANA",
				"logoURI": "https://raw.githubusercontent.com/ApeSwapFinance/apeswap-token-lists/main/assets/BANANA.svg"
			}
		}
	]
}