{
	"1": [
		{
			"name": "Uniswap Dex",
			"image": "https://s2.coinmarketcap.com/static/img/coins/64x64/7083.png",
			"factory": "0x5C69bEe701ef814a2B6a3EDD4B1652CB9cc5aA6f",
			"router": "0x7a250d5630B4cF539739dF2C5dAcb4c659F2488D",
			"description": "Uniswap Dex",
			"token": {
				"chainId": 1,
				"address": "0x1f9840a85d5af5bf1d1762f925bdaddc4201f984",
				"decimals": 18,
				"name": "Uniswap Token",
				"symbol": "UNI",
				"logoURI": "https://s2.coinmarketcap.com/static/img/coins/64x64/7083.png"
			}
		},
		{
			"name": "SushiSwap Dex",
			"image": "https://dexscreener.com/builds/1651128859/img/dexes/sushiswap.png",
			"factory": "0xC0AEe478e3658e2610c5F7A4A2E1777cE9e4f2Ac",
			"router": "0xd9e1cE17f2641f24aE83637ab66a2cca9C378B9F",
			"masterchef": "0xc2EdaD668740f1aA35E4D8f227fB8E17dcA888Cd",
			"description": "SushiSwap Dex",
			"token": {
				"chainId": 1,
				"address": "0x6B3595068778DD592e39A122f4f5a5cF09C90fE2",
				"decimals": 18,
				"name": "SushiSwap Token",
				"symbol": "SUSHI",
				"logoURI": "https://dexscreener.com/builds/1651128859/img/dexes/sushiswap.png"
			}
		},
		{
			"name": "ShibaSwap Dex",
			"image": "https://s2.coinmarketcap.com/static/img/coins/64x64/5994.png",
			"factory": "0x115934131916C8b277DD010Ee02de363c09d037c",
			"router": "0x03f7724180AA6b939894B5Ca4314783B0b36b329",
			"masterchef":"0x94235659cF8b805B2c658f9ea2D6d6DDbb17C8d7",
			"description": "ShibaSwap Dex",
			"token": {
				"chainId": 1,
				"address": "0x95ad61b0a150d79219dcf64e1e6cc01f0b64c4ce",
				"decimals": 18,
				"name": "Shiba Inu Token",
				"symbol": "SHIB",
				"logoURI": "https://s2.coinmarketcap.com/static/img/coins/64x64/5994.png"
			}
		}
	]
}