network_id,dex_id,network_name,dex_name,factory,router
1,1,ethereum,uniswap,0x7a250d5630B4cF539739dF2C5dAcb4c659F2488D,0x5C69bEe701ef814a2B6a3EDD4B1652CB9cc5aA6f
1,2,ethereum,sushiswap,0xd9e1cE17f2641f24aE83637ab66a2cca9C378B9F,0xC0AEe478e3658e2610c5F7A4A2E1777cE9e4f2Ac
1,3,ethereum,balancer,-,-
1,4,ethereum,shibaswap,0x115934131916C8b277DD010Ee02de363c09d037c,0x03f7724180AA6b939894B5Ca4314783B0b36b329
1,5,ethereum,defiswap,0x9deb29c9a4c7a88a3c0257393b7f3335338d9a9d,-
1,6,ethereum,stepn,0x1e895bfe59e3a5103e8b7da3897d1f2391476f3c,0x53e0e51b5ed9202110d7ecd637a4581db8b9879f
1,7,ethereum,safemoonswap,0x9Cf2f35E3656D4C68474525d67D9459Da3A000CD,0x1fdD76e18dD21046b7e7D54C8254Bf08B239e4D9
1,8,ethereum,swapr,0xd34971bab6e5e356fd250715f5de0492bb070452,0xb9960d9bca016e9748be75dd52f02188b9d0829f
1,9,ethereum,templedao,-,-
1,10,ethereum,radioshack,0x91fAe1bc94A9793708fbc66aDcb59087C46dEe10,0x3e445e3280C5747a188DB8d0aB7762838A50E4ff
2,72,bsc,pancakeswap,0xcA143Ce32Fe78f1f7019d7d551a6402fC5350c73,0x10ED43C718714eb63d5aA57B78B54704E256024E
2,73,bsc,apeswap,0x0841BD0B734E4F5853f0dD8d7Ea041c241fb0Da6,0xcF0feBd3f17CEf5b47b0cD257aCf6025c5BFf3b7
2,74,bsc,biswap,0x858E3312ed3A876947EA49d572A7C42DE08af7EE,0x3a6d8cA21D1CF76F653A67577FA0D27453350dD8
2,75,bsc,mdex,0x3CD1C46068dAEa5Ebb0d3f55F6915B10648062B8,0x0384E9ad329396C3A6A401243Ca71633B2bC4333
2,76,bsc,babyswap,0x86407bea2078ea5f5eb5a52b2caa963bc1f889da,0x325e343f1de602396e256b67efd1f61c3a6b38bd
2,77,bsc,fstswap,0x9A272d734c5a0d7d84E0a892e891a553e8066dce,0x1B6C9c20693afDE803B27F8782156c0f892ABC2d
2,78,bsc,safemoonswap,0x26023843814cff92b8d75311d64d1c032b8b29f2,0xcf7d4b75b7bccdb8b4f992fe05970680e2ee1a02
2,79,bsc,nomiswap,0xd6715A8be3944ec72738F0BFDC739d48C3c29349,0xD654953D746f0b114d1F85332Dc43446ac79413d
2,80,bsc,pandora,0xFf9A4E72405Df3ca3D909523229677e6B2b8dC71,0xC2426F2018f13Fdc5b260Bd0A88be753ee7FaFc5
2,81,bsc,knightswap,0xf0bc2E21a76513aa7CC2730C7A1D6deE0790751f,0x05E61E0cDcD2170a76F9568a110CEe3AFdD6c46f
2,82,bsc,coneexchange,0x0EFc2D2D054383462F2cD72eA2526Ef7687E1016,0xbf1fc29668e5f5Eaa819948599c9Ac1B1E03E75F
2,83,bsc,bakeryswap,0x01bF7C66c6BD861915CdaaE475042d3c4BaE16A7,0xcde540d7eafe93ac5fe6233bee57e1270d3e330f
2,84,bsc,w3swap,0xD04A80baeeF12fD7b1D1ee6b1f8ad354f81bc4d7,0xF29acE1FE5f36389d0dDe450a0195A30c3770245
2,85,bsc,planetfinance,0xa053582601214FEb3778031a002135cbBB7DBa18,0x9F088377BcdC220CB0E1Ad15aE6Bc75074beE9F6
2,86,bsc,swych,0x80f112CD8Ac529d6993090A0c9a04E01d495BfBf,0x2Bf55D1596786F1AE8160e997D655DbE6d9Bca7A
2,87,bsc,baryonswap,0x2e0BE10d0207DB3132E583c9332b153F861f21a1,0x3f8aadD297E60Ebe7c1bB8d3f6D413b9f39EFB8B
2,88,bsc,jswap,0xd654CbF99F2907F06c88399AE123606121247D5C,0x069A306A638ac9d3a68a6BD8BE898774C073DCb3
2,89,bsc,orbitalswap,0x1A04Afe9778f95829017741bF46C9524B91433fB,0x6B45064F128cA5ADdbf79825186F4e3e3c9E7EB5
2,90,bsc,marsecosystem,0x6f12482D9869303B998C54D91bCD8bCcba81f3bE,0xb68825C810E67D4e444ad5B9DeB55BA56A66e72D
2,91,bsc,radioshack,0x98957ab49b8bc9f7ddbCfD8BcC83728085ecb238,0x5bc3ED94919af03279c8613cB807ab667cE5De99
2,92,bsc,sushiswap,0xc35DADB65012eC5796536bD9864eD8773aBc74C4,0x1b02dA8Cb0d097eB8D57A175b88c7D8b47997506
2,93,bsc,openocean,-,-
2,94,bsc,dinosaureggs,0x73D9F93D53505cB8C4c7f952ae42450d9E859D10,0xE9C7650b97712C0Ec958FF270FBF4189fB99C071
2,95,bsc,sphynx,0x8BA1a4C24DE655136DEd68410e222cCA80d43444,0x0C8094a69e8e44404371676f07B2C32923B5699c
2,96,bsc,annexfinance,0x6100af6980d35FDb119BECE4969fF6b68DA6e4ea,0xBa67BA73774dA585664661d22775dB9761418dC5
2,97,bsc,waultfinance,-,-
2,98,bsc,moonlift,0x0dC614eCb00Fe2f6312cd1736e61a04969a4fe7B,0xe9cABbC746C03010020Fd093cD666e40823E0D87
2,99,bsc,niob,-,-
2,100,bsc,jetswap,0x0eb58E5c8aA63314ff5547289185cC4583DfCBD5,0xBe65b8f75B9F20f4C522e0067a3887FADa714800
2,101,bsc,aequinox,-,-
2,102,bsc,padswap,0xB836017ACf10b8A7c6c6C9e99eFE0f5B0250FC45,0x76437234D29f84D9A12820A137c6c6A719138C24
2,103,bsc,hyperjump,0xaC653cE27E04C6ac565FD87F18128aD33ca03Ba2,0x3bc677674df90A9e5D741f28f6CA303357D0E4Ec
2,104,bsc,cobraswap,-,-
2,105,bsc,pyeswap,0x51728504e7f4C45ce16daD18245c5843360B6C34,0xB8927674d6A7D2C44500d5635027DC8f77747C98
2,106,bsc,bridgesexchange,-,-
2,107,bsc,mochiswap,0x338D43c1D897B8e833fF22a8de732d161F069bF8,0x939ffC5a4f3e9DF85e1036A8C86b18599A403F3B
3,26,polygon,uniswap,-,-
3,27,polygon,mmfinance,0x7cFB780010e9C861e03bCbC7AC12E013137D47A5,0x51aba405de2b25e5506dea32a6697f450ceb1a17
3,28,polygon,quickswap,0x5757371414417b8C6CAad45bAeF941aBc7d3Ab32,0xa5E0829CaCEd8fFDD4De3c43696c57F7D7A678ff
3,29,polygon,sushiswap,0xc35DADB65012eC5796536bD9864eD8773aBc74C4,0x1b02dA8Cb0d097eB8D57A175b88c7D8b47997506
3,30,polygon,balancer,-,-
3,31,polygon,apeswap,0xCf083Be4164828f00cAE704EC15a36D711491284,0xC0788A3aD43d79aa53B09c2EaCc313A787d1d607
3,32,polygon,dfyn,0xE7Fb3e833eFE5F9c441105EB65Ef8b261266423B,0xA102072A4C07F06EC3B4900FDC4C7B80b6c57429
3,33,polygon,radioshack,0xB581D0A3b7Ea5cDc029260e989f768Ae167Ef39B,0xaf877420786516fc6692372c209e0056169eebaf
3,34,polygon,dystopia,0x1d21Db6cde1b18c7E47B0F7F42f4b3F68b9beeC9,0xbE75Dd16D029c6B32B7aD57A0FD9C1c20Dd2862e
3,35,polygon,vulcandex,-,-
3,36,polygon,jetswap,0x668ad0ed2622C62E24f0d5ab6B6Ac1b9D2cD4AC7,0x5C6EC38fb0e2609672BDf628B1fD605A523E5923
3,37,polygon,elkfinance,0xE3BD06c7ac7E1CeB17BdD2E5BA83E40D1515AF2a,0xf38a7A7Ac2D745E2204c13F824c00139DF831FFf
3,38,polygon,gravityfinance,0x3ed75AfF4094d2Aaa38FaFCa64EF1C152ec1Cf20,0x57dE98135e8287F163c59cA4fF45f1341b680248
3,39,polygon,polycat,0x477Ce834Ae6b7aB003cCe4BC4d8697763FF456FA,0x94930a328162957FF1dd48900aF67B5439336cBD
3,40,polygon,comethswap,0x800b052609c355ca8103e06f022aa30647ead60a,0x93bcDc45f7e62f89a8e901DC4A0E2c6C427D9F25
3,41,polygon,algebra,-,-
3,42,polygon,firebird,0x5de74546d3b86c8df7feec30253865e1149818c8,0xf6fa9ea1f64f1bbfa8d71f7f43faf6d45520bfac
3,43,polygon,waultfinance,0xa98ea6356A316b44Bf710D5f9b6b4eA0081409Ef,0x3a1D87f206D12415f5b0A33E786967680AAb4f6d
3,44,polygon,jamonswap,0x56CfC115e04dFCdA3ad47eAE1db86f70C1F8D8A5,0xdBe30E8742fBc44499EB31A19814429CECeFFaA0
3,45,polygon,tetuswap,0x684d8c187be836171a1Af8D533e4724893031828,0xBCA055F25c3670fE0b1463e8d470585Fe15Ca819
3,46,polygon,dinoswap,0x624Ccf581371F8A4493e6AbDE46412002555A1b6,0x6AC823102CB347e1f5925C634B80a98A3aee7E03
3,47,polygon,nachofinance,0x1B44bf43111A26206F9735319A0c438dd1c030b2,0x4237a813604bD6815430d55141EA2C24D4543e44
3,48,polygon,polyzap,0x34De5ce6c9a395dB5710119419A7a29baa435C88,0x4aAEC1FA8247F85Dc3Df20F4e03FEAFdCB087Ae9
4,11,avalanche,traderjoe,0x9Ad6C38BE94206cA50bb0d90783181662f0Cfa10,0x60aE616a2155Ee3d9A68541Ba4544862310933d4
4,12,avalanche,pangolin,0xefa94DE7a4656D787667C749f7E1223D71E9FD88,0xE54Ca86531e17Ef3616d22Ca28b0D458b6C89106
4,13,avalanche,sushiswap,0xc35DADB65012eC5796536bD9864eD8773aBc74C4,0x1b02dA8Cb0d097eB8D57A175b88c7D8b47997506
4,14,avalanche,radioshack,0xefa94DE7a4656D787667C749f7E1223D71E9FD88,0xE54Ca86531e17Ef3616d22Ca28b0D458b6C89106
4,15,avalanche,swapsicle,0x9C60C867cE07a3c403E2598388673C10259EC768,0xC7f372c62238f6a5b79136A9e5D16A2FD7A3f0F5
4,16,avalanche,elkfinance,0x091d35d7F63487909C863001ddCA481c6De47091,0x9E4AAbd2B3E60Ee1322E94307d0776F2c8e6CFbb
4,17,avalanche,onavax,0xE01cF83a89e8C32C0A9f91aCa7BfE554EBEE7141,0x0eb4DF266dA7c7BC1629b52a540cc87C8D95Bf24
4,18,avalanche,hurricaneswap,-,-
4,19,avalanche,lydiafinance,0xe0C1bb6DF4851feEEdc3E14Bd509FEAF428f7655,0xA52aBE4676dbfd04Df42eF7755F01A3c41f28D27
4,20,avalanche,hakuswap,0x2Db46fEB38C57a6621BCa4d97820e1fc1de40f41,0x5F1FdcA239362c5b8A8Ada26a256ac5626CC33E0
4,21,avalanche,apexswap,-,-
4,22,avalanche,yetiswap,0x58C8CD291Fa36130119E6dEb9E520fbb6AcA1c3a,0x262DcFB36766C88E6A7a2953c16F8defc40c378A
4,23,avalanche,thorus,0xa98ea6356A316b44Bf710D5f9b6b4eA0081409Ef,0xb5b2444eDF79b00d40f463f79158D1187a0D0c25
4,24,avalanche,alligator,0xD9362AA8E0405C93299C573036E7FB4ec3bE1240,0x80B8d36f2A85EC557eC1955c373961e2221c7540
4,25,avalanche,partyswap,0x58A08bc28f3E8dab8Fb2773D8f243bC740398b09,0xff164Ede3E7C375E8764E9e3a22D3E35F780EEBC
5,49,fantom,spookyswap,0x152eE697f2E276fA89E96742e9bB9aB1F2E61bE3,0xF491e7B69E4244ad4002BC14e878a34207E38c29
5,50,fantom,solidly,0x3fAaB499b519fdC5819e3D7ed0C26111904cbc28,0xa38cd27185a464914D3046f0AB9d43356B34829D
5,51,fantom,spiritswap,0xEF45d134b73241eDa7703fa787148D9C9F4950b0,0x16327E3FbDaCA3bcF7E38F5Af2599D2DDc33aE52
5,52,fantom,sushiswap,0xc35DADB65012eC5796536bD9864eD8773aBc74C4,0x1b02dA8Cb0d097eB8D57A175b88c7D8b47997506
5,53,fantom,beethovenx,-,-
5,54,fantom,tombswap,0xE236f6890F1824fa0a7ffc39b1597A5A6077Cfe9,0x6D0176C5ea1e44b08D3dd001b0784cE42F47a3A7
5,55,fantom,protofi,0x39720E5Fe53BEEeb9De4759cb91d8E7d42c17b76,0xF4C587a0972Ac2039BFF67Bc44574bB403eF5235
5,56,fantom,knightswap,0xf0bc2E21a76513aa7CC2730C7A1D6deE0790751f,0x05E61E0cDcD2170a76F9568a110CEe3AFdD6c46f
5,57,fantom,wigoswap,0xc831a5cbfb4ac2da5ed5b194385dfd9bf5bfcba7,0x5023882f4d1ec10544fcb2066abe9c1645e95aa0
5,58,fantom,redemption,0xa2dF50d1401afF182D19Bb41d76cf35953942c51,0x6726a3c9aFD89Ce0beaC9A7F6D3cc6870dD26331
5,59,fantom,excalibur,-,-
5,60,fantom,morpheusswap,0x9C454510848906FDDc846607E4baa27Ca999FBB6,0x8aC868293D97761A1fED6d4A01E9FF17C5594Aa3
5,61,fantom,paintswap,0x733A9D1585f2d14c77b49d39BC7d7dd14CdA4aa5,0xfD000ddCEa75a2E23059881c3589F6425bFf1AbB
5,62,fantom,yoshiexchange,0xc5bC174CB6382FbAB17771d05e6a918441deCeea,0xE4a4642B19C4d0CBA965673cd51422b1EDA0a78d
5,63,fantom,soulswap,0x69fcC260353530DE3fB8D0897ae821fCc2c81f0f,0x6b3d631B87FE27aF29efeC61d2ab8CE4d621cCBF
5,64,fantom,elkfinance,0x7Ba73c99e6f01a37f3e33854c8F544BbbadD3420,0x4D2cf285a519261F30b4d9c2c344Baf260d65Fa2
5,65,fantom,bombswap,0xD9473A05b2edf4f614593bA5D1dBd3021d8e0Ebe,0xb9799De71100e20aC1cdbCc63C69ddA2D0D81710
5,66,fantom,jetswap,0x668ad0ed2622C62E24f0d5ab6B6Ac1b9D2cD4AC7,0x5C6EC38fb0e2609672BDf628B1fD605A523E5923
5,67,fantom,wingswap,0xe1936bD80E78fEdE44f726084256C1Dfe61D1812,0x2b660040b289B1B570E053b21dd9A6F1067AD7F5
5,68,fantom,hyperjump,0x991152411A7B5A14A8CF0cDDE8439435328070dF,0x53c153a0df7E050BbEFbb70eE9632061f12795fB
5,69,fantom,degenhaus,0xA01C3d760738c79e10334408aE59684Aa36B1131,0xcdA8f0fB4132D977AD427d18555E0cb1b1dfA363
5,70,fantom,farmtom,0xA54354b43AA6bF6AAED94E579AA9a3B88de2528f,0x07FA1DB1D12A704B26Efd03671573943e6982A6A
5,71,fantom,defyswap,-,-
6,108,harmony,defikingdoms,0x9014B937069918bd319f80e8B3BB4A2cf6FAA5F7,0x24ad62502d1c652cc7684081169d04896ac20f30
6,109,harmony,sushiswap,0xc35DADB65012eC5796536bD9864eD8773aBc74C4,0x1b02dA8Cb0d097eB8D57A175b88c7D8b47997506
6,110,harmony,tranquilfinance,0xF166939E9130b03f721B0aE5352CCCa690a7726a,0x3C8BF7e25EbfAaFb863256A4380A8a93490d8065
6,111,harmony,viperswap,0x7D02c116b98d0965ba7B642ace0183ad8b8D2196,0xf012702a5f0e54015362cBCA26a26fc90AA832a3
6,112,harmony,hermesdefi,0xfE5e54A8E28534fFfe89b9cfDDfd18d3a90B42cA,0x0A34fE479d2442fB51333ac373dD2CBF02B6D949
6,113,harmony,lootswap,0x021AeF70c404aa9d70b71C615F17aB3a4038851A,0x6d9eF21E7b93CF0C45847d586E1b9eFCaaB76009
6,114,harmony,foxswap,0xfA53b963A39621126bf45F647F813952cD3c5C66,0x32253394e1C9E33C0dA3ddD54cDEff07E457A687
6,115,harmony,openswap,0x5d2F9817303b940C9bB4F47C8C566c5C034d9848,0x2F99992024DCC51324BA4956bB1c510F36FA54F5
6,116,harmony,fuzzswap,0x5245d2136dc79Df222f00695C0c29d0c4d0E98A6,0xFb53dAEdF7aB2D60D22ca8d0Aa24285A0A486349
6,117,harmony,elkfinance,0xCdde1AbfF5Ae3Cbfbdb55c1e866Ac56380e18720,0xbeA02dc919B08b5aE2158a8fBC60D4DA5640737B
6,118,harmony,bossswap,-,-
6,119,harmony,mochiswap,0x3bEF610a4A6736Fd00EBf9A73DA5535B413d82F6,0x5F4467ccfa269BcED8F2bC4057bBF17435d11A0d
6,120,harmony,sonicswap,0x653FB617210ca72DC938f8f4C75738F2B4b88d7B,0x65bFeeC6E0679EB5913b25063Aab228ccab43161
6,121,harmony,wagmidao,0xFE33b03a49A1FCD095a8434DD625c2d2735e84B8,0x06FDB55031a0924789107bD97E366a27bbB3d422
7,134,cronos,mmfinance,0xd590cC180601AEcD6eeADD9B7f2B7611519544f4,0x145677fc4d9b8f19b5d56d1820c48e0443049a30
7,135,cronos,vvsfinance,0x3b44b2a187a7b3824131f8db5a74194d0a42fc15,0x145863Eb42Cf62847A6Ca784e6416C1682b1b2Ae
7,136,cronos,cronaswap,0x73A48f8f521EB31c55c0e1274dB0898dE599Cb11,0xcd7d16fB918511BF7269eC4f48d61D79Fb26f918
7,137,cronos,crodex,0xe9c29cB475C0ADe80bE0319B74AD112F1e80058F,0xeC0A7a0C2439E8Cb67b992b12ecd020Ea943c7Be
7,138,cronos,cougar,0x1CE8f3c99835eA3AaA888Df682d33F7E6eA0B3F4,0x3c1997d8738dcaB7Ed099105fCd61A9fe5f351Dd
7,139,cronos,elkfinance,0xEEa0e2830D09D8786Cb9F484cA20898b61819ef1,0xdB02A597b283eACb9436Cd2a2d15039a11A3299d
7,140,cronos,cyborgswap,0x6C50Ee65CFcfC59B09C570e55D76daa7c67D6da5,0x5bFc95C3BbF50579bD57957cD074fa96a4d5fF9F
7,141,cronos,annexfinance,-,-
7,142,cronos,hopswap,0x918cefF586C00c1fa4726Dc50697172fd87df8e9,0x52C520DDc9d88a9A3e554a574b31cAa9C0932C57
7,143,cronos,crowfi,0xDdcf30c1A85e5a60d85310d6b0D3952A75a00db4,0xd30d3aC04E2325E19A2227cfE6Bc860376Ba20b1
7,144,cronos,duckydefi,0x796E38Bb00f39a3D39ab75297D8d6202505f52e2,0x28a10fE91d4a8D0637999a903eEf9Ad5b1D9947C
7,145,cronos,photonswap,0x462C98Cae5AffEED576c98A55dAA922604e2D875,0x69004509291F4a4021fA169FafdCFc2d92aD02Aa
7,146,cronos,kryptodex,-,-
7,147,cronos,empiredex,-,-
7,148,cronos,stabil,-,-
7,149,cronos,smolswap,0x7Aa2149fF9EF4A09D4ace72C49C26AaE8C89Fb48,0x8118DD9fED86523Bf724e2EC5f56055Da0668AF4
9,122,aurora,trisolaris,0xc66F594268041dB60507F00703b152492fb176E7,0x2CB45Edb4517d5947aFdE3BEAbF95A582506858B
9,123,aurora,wannaswap,0x7928D4FeA7b2c90C732c10aFF59cf403f0C38246,0xa3a1eF5Ae6561572023363862e238aFA84C72ef5
9,124,aurora,nearpad,0x34484b4E416f5d4B45D4Add0B6eF6Ca08FcED8f1,0xBaE0d7DFcd03C90EBCe003C58332c1346A72836A
9,125,aurora,mindgames,-,-
9,126,aurora,auroraswap,0xC5E1DaeC2ad401eBEBdd3E32516d90Ab251A3aA3,0xA1B1742e9c32C7cAa9726d8204bD5715e3419861
9,127,aurora,amaterasu,0x34696b6cE48051048f07f4cAfa39e3381242c3eD,0x3d99B2F578d94f61adcD899DE55F2991522cefE1
10,128,moonriver,solarbeam,0x049581aEB6Fe262727f290165C29BDAB065a1B68,0xAA30eF758139ae4a7f798112902Bf6d65612045f
10,129,moonriver,sushiswap,0xc35DADB65012eC5796536bD9864eD8773aBc74C4,0x1b02dA8Cb0d097eB8D57A175b88c7D8b47997506
10,130,moonriver,zenlink,-,-
10,131,moonriver,huckleberry,0x017603C8f29F7f6394737628a93c57ffBA1b7256,0x2d4e873f9Ab279da9f1bb2c532d4F06f67755b77
10,132,moonriver,seadex,-,-
10,133,moonriver,padswap,0x760d2Bdb232027aB3b1594405077F9a1b91C04c1,0x790d4b443edB9ce9A8d1aEC585edd89E51132D2c
11,150,moonbeam,stellaswap,0x68A384D826D3678f78BB9FB1533c7E9577dACc0E,0x70085a09d30d6f8c4ecf6ee10120d1847383bb57
11,151,moonbeam,solarflare,0x19B85ae92947E0725d5265fFB3389e7E4F191FDa,0xd3B02Ff30c218c7f7756BA14bcA075Bf7C2C951e
11,152,moonbeam,beamswap,0x985BcA32293A7A496300a48081947321177a86FD,0x96b244391D98B62D19aE89b1A4dCcf0fc56970C7
11,153,moonbeam,zenlink,0xf49255205dfd7933c4d0f25a57d40b1511f92fef,0x7a3909c7996efe42d425cd932fc44e3840fcab71
11,154,moonbeam,padswap,0x663a07a2648296f1A3C02EE86A126fE1407888E5,0x40F1fEF0Fe68Fd10ff904070ee00a7769EE7fe34
11,155,moonbeam,lunardex,-,-
12,163,metis,hermesprotocol,0x633a093C9e94f64500FC8fCBB48e90dd52F6668F,0x2d4F788fDb262a25161Aa6D6e8e1f18458da8441
12,164,metis,tethys,0x2CdFB20205701FF01689461610C9F321D1d00F80,0x81b9FA50D5f5155Ee17817C21702C3AE4780AD09
12,165,metis,netswap,0x70f51d68D16e8f9e418441280342BD43AC9Dff9f,0x1E876cCe41B7b844FDe09E38Fa1cf00f213bFf56
12,166,metis,standard,-,-
13,171,arbitrum,uniswap,-,-
13,172,arbitrum,sushiswap,0xc35DADB65012eC5796536bD9864eD8773aBc74C4,0x1b02dA8Cb0d097eB8D57A175b88c7D8b47997506
13,173,arbitrum,balancer,-,-
13,174,arbitrum,swapr,-,-
14,156,optimism,uniswap,-,-
14,157,optimism,velodrome,0x25CbdDb98b35ab1FF77413456B31EC81A6B6B746,0xa132DAB612dB5cB9fC9Ac426A0Cc215A3423F9c9
14,158,optimism,beethovenx,-,-
14,159,optimism,zipswap,0x8BCeDD62DD46F1A76F8A1633d4f5B76e0CDa521E,0xE6Df0BB08e5A97b40B21950a0A51b94c4DbA0Ff6
15,167,dogechain,dogeswap,0xD27D9d61590874Bf9ee2a19b27E265399929C9C3,0xa4EE06Ce40cb7e8c04E127c1F7D3dFB7F7039C81
15,168,dogechain,kibbleswap,0xF4bc79D32A7dEfd87c8A9C100FD83206bbF19Af5,0x6258c967337D3faF0C2ba3ADAe5656bA95419d5f
15,169,dogechain,yodeswap,0xAaA04462e35f3e40D798331657cA015169e005d7,0x72d85Ab47fBfc5E7E04a8bcfCa1601D8f8cE1a50
15,170,dogechain,quickswap,0xd2480162Aa7F02Ead7BF4C127465446150D58452,0x4aE2bD0666c76C7f39311b9B3e39b53C8D7C43Ea
16,160,heco,mdex,0xb0b670fc1F7724119963018DB0BfA86aDb22d941,0xED7d5F38C79115ca12fe6C0041abb22F0A06C300
16,161,heco,makiswap,0x11cdC9Bd86fF68b6A6152037342bAe0c3a717f56,0x7f88bc12aa1ed9ff4605123649ac90f2cd9407eb
16,162,heco,pippifinance,-,-
17,184,oasisemerald,valleyswap,0xa25464822b505968eEc9A45C43765228c701d35f,0x7C0b0a525fc6A2caDf7AE37198119025C6feA28a
17,185,oasisemerald,yuzuswap,0x250d48C5E78f1E85F7AB07FEC61E93ba703aE668,0x5F50fDC22697591c1D7BfBE8021163Fc73513653
17,186,oasisemerald,gemkeeper,0xa7200334f652425A12BF2f7e4F0F5409CCA4d963,0x543d97779ca53d7b4355cA013C853D86B7F558d9
17,187,oasisemerald,lizard,0xefA6861931991CCE372c477a015619A21dfEBE8c,0x78577Ae67bC03CFF9044dd4B2db8528A0Eed573c
17,188,oasisemerald,duneswap,0x9dd422B52618f4eDD13E08c840f2b6835F3C0585,0x7F80093D0759e485239D3010A47B805b6507daAe
17,189,oasisemerald,tulipswap,0xeD9a19D1B62b00F945E64bE2d7d24D0c962fc9Ef,0xA987764B3133a2D6C9c6Cf4e9dFe45DeB1a056c7
17,190,oasisemerald,rimswap,-,-
18,178,astar,arthswap,0xA9473608514457b4bF083f9045fA63ae5810A03E,0xE915D2393a08a00c5A463053edD31bAe2199b9e7
18,179,astar,agsfinance,-,-
18,180,astar,astarexchange,0x95f506E72777efCB3C54878bB4160b00Cd11cd84,0xD38F0bC4a0728d2a1fCAaFa364F7c8422Ba1CD14
18,181,astar,polkaex,-,-
18,182,astar,versa,0x4346A7C8C39Bf91b8a80933c2fdb10d815c401dB,0xDAC282cA5534DC5936165197263E5f08b2C4577c
18,183,astar,funbeast,0xb99978440F310658C5E69D5042724327EF6D3CE7,0x06C04B0AD236e7Ca3B3189b1d049FE80109C7977
19,175,evmos,diffusion,0x6aBdDa34Fb225be4610a2d153845e09429523Cd2,0xFCd2Ce20ef8ed3D43Ab4f8C2dA13bbF1C6d9512F
19,176,evmos,cronusfinance,0x20570b7bFf86B2f92068622D0805160f318554Be,0x3Bc1F48740a5D6dffAc36FAF4c9905a941509348
19,177,evmos,evmoswap,0xac23640FbB17Af879037216B156b6d6654F7EE82,0xb6b801Aa59970A9247F662F322a5B231503BF126
21,191,avalanchedfk,defikingdoms,0x794C07912474351b3134E6D6B3B7b3b4A07cbAAa,0x3C351E1afdd1b1BC44e931E12D4E05D6125eaeCa
22,192,xdai,swapr,0x5D48C95AdfFD4B40c1AAADc4e08fc44117E02179,0xE43e60736b1cb4a75ad25240E2f9a62Bff65c0C0
22,193,xdai,honeyswap,0xA818b4F111Ccac7AA31D0BCc0806d64F2E0737D7,0x1C232F01118CB8B424793ae03F870aa7D0ac7f77
22,194,xdai,sushiswap,0xc35DADB65012eC5796536bD9864eD8773aBc74C4,0x1b02dA8Cb0d097eB8D57A175b88c7D8b47997506
22,195,xdai,baofinance,0x45DE240fbE2077dd3e711299538A09854FAE9c9b,0x6093AeBAC87d62b1A5a4cEec91204e35020E38bE
23,202,velas,wagyuswap,-,-
23,203,velas,astroswap,-,-
23,204,velas,jungleswap,-,-
24,196,kcc,mojitoswap,0x79855A03426e15Ad120df77eFA623aF87bd54eF3,0x8c8067ed3bC19ACcE28C1953bfC18DC85A2127F7
24,197,kcc,kuswap,0xAE46cBBCDFBa3bE0F02F463Ec5486eBB4e2e65Ae,0xa58350d6dee8441aa42754346860e3545cc83cda
24,198,kcc,koffeeswap,0xc0ffee00000e1439651c6ad025ea2a71ed7f3eab,0xc0ffee0000c824d24e0f280f1e4d21152625742b
24,199,kcc,kudex,-,-
25,205,oec,cherryswap,0x709102921812B3276A65092Fe79eDfc76c4D4AFe,0x865bfde337C8aFBffF144Ff4C29f9404EBb22b15
25,206,oec,jswap,0xd654CbF99F2907F06c88399AE123606121247D5C,0x069A306A638ac9d3a68a6BD8BE898774C073DCb3
25,207,oec,kswap,0x60DCD4a2406Be12dbe3Bb2AaDa12cFb762A418c1,0xc3364A27f56b95f4bEB0742a7325D67a04D80942
26,200,celo,ubeswap,0x62d5b84bE28a183aBB507E125B384122D2C25fAE,0xE3D8bd6Aed4F159bc8000a9cD47CffDb95F96121
26,201,celo,sushiswap,0xc35DADB65012eC5796536bD9864eD8773aBc74C4,0x1421bDe4B10e8dd459b3BCb598810B1337D56842
28,208,tombchain,lif3,-,-
29,211,smartbch,mistswap,0x6008247F53395E7be698249770aa1D2bfE265Ca0,0x5d0bF8d8c8b054080E2131D8b260a5c6959411B8
29,212,smartbch,lawswap,-,-
29,213,smartbch,benswap,0x8d973bAD782c1FFfd8FcC9d7579542BA7Dd0998D,0xa194133ED572D86fe27796F2feADBAFc062cB9E0
29,214,smartbch,tangoswap,-,-
29,215,smartbch,muesliswap,0x72cd8c0B5169Ff1f337E2b8F5b121f8510b52117,0x87786fFa56d47a3862e272E67C82d9d9Fae14347
29,216,smartbch,emberswap,0xE62983a68679834eD884B9673Fb6aF13db740fF0,0x217057A8B0bDEb160829c19243A2E03bfe95555a
29,217,smartbch,tropicalfinance,0x138504000feaEd02AD75B1e8BDb904f51C445F4C,0xf6aA8520cE2f044f5868d103dfC3b92Eb1B51eC3
29,218,smartbch,1bch,-,-
30,209,arbitrumnova,sushiswap,-,-
31,210,ethereumclassic,hebeswap,0x09fafa5eecbc11C3e5d30369e51B7D9aab2f3F53,0xEcBcF5C7aF4c323947CFE982940BA7c9fd207e2b
32,221,ethereumpow,uniswap,-,-
32,222,ethereumpow,powswap,0x62009bD6349A3A1d7f1bcC7C69492Cd26F1FBF75,0x6851e767Aaa9C4674Fe8cAE95AFCc819b7Fb0403
32,223,ethereumpow,uniwswap,0x633e494C22D163F798b25b0264b92Ac612645731,0x633e494C22D163F798b25b0264b92Ac612645731
32,224,ethereumpow,lfgswap,-,-
32,225,ethereumpow,sushiswap,0xC0AEe478e3658e2610c5F7A4A2E1777cE9e4f2Ac,0xd9e1cE17f2641f24aE83637ab66a2cca9C378B9F
32,226,ethereumpow,shibaswap,0x115934131916C8b277DD010Ee02de363c09d037c,0x03f7724180AA6b939894B5Ca4314783B0b36b329
32,227,ethereumpow,defiswap,-,-
33,228,ethereumfair,uniswap,-,-
33,229,ethereumfair,sushiswap,-,-
33,230,ethereumfair,shibaswap,-,-
33,231,ethereumfair,defiswap,-,-
34,219,canto,slingshotfinance,-,-
35,220,redlightchain,dawnswap,-,-
36,233,godwoken,yokaiswap,-,-
37,232,hsc,puddingswap,-,-
38,238,fuse,voltagefinance,0x1998E4b0F1F922367d8Ec20600ea2b86df55f34E,0xE3F85aAd0c8DD7337427B9dF5d0fB741d65EEEB5
38,239,fuse,elkfinance,0x779407e40Dad9D70Ba5ADc30E45cC3494ec71ad2,0x9a5De8C973c2f64f0f518DE581BcC2aa2dF8A621
38,240,fuse,sushiswap,0x43eA90e2b786728520e4f930d2A71a477BF2737C,0xF4d73326C13a4Fc5FD7A064217e12780e9Bd62c3
39,234,telos,zappy,0x4be5bf2233a0fd2c7d1472487310503ec8e857be,0xb9239af0697c8efb42cba3568424b06753c6da71
39,235,telos,omnidex,0x7a2A35706f5d1CeE2faa8A254dd6F6D7d7Becc25,0xF9678db1CE83f6f51E5df348E2Cc842Ca51EfEc1
39,236,telos,sushiswap,0xc35DADB65012eC5796536bD9864eD8773aBc74C4,0x1b02dA8Cb0d097eB8D57A175b88c7D8b47997506
39,237,telos,elkfinance,0x47c3163e691966f8c1b93B308A236DDB3C1C592d,0x75840EBB437981a3F3F1F004513821E0CcDCFC21
40,241,kardiachain,kaidex,0xC9567a8B6b622cdc8076C6b4432Ade0e11F50Da1,0xbAFcdabe65A03825a131298bE7670c0aEC77B37f
40,242,kardiachain,becoswap,0x58b54BCDF2aF8a70dD6433EB39b308148261bB49,0x05fF2B0DB69458A0750badebc4f9e13aDd608C7F
41,243,iotex,mimo,0xda257cBe968202Dea212bBB65aB49f174Da58b9D,0x147CdAe2BF7e809b9789aD0765899c06B361C5cE
41,244,iotex,elkfinance,0xF96bE66DA0b9bC9DFD849827b4acfA7e8a6F3C42,0xAEB801BA5Cf1233B2a3765890D4f8f8C8141Fa43
42,245,wanchain,wanswap,-,-
43,246,conflux,swappi,-,-
44,247,cube,capricorn,-,-
45,248,boba,oolongswap,-,-
46,249,meter,voltswap,-,-
47,252,elastos,glidefinance,-,-
48,250,syscoin,pegasys,-,-
50,253,shibchain,shibswap,-,-
52,251,novanetwork,fusion,-,-
53,254,echelon,echswap,-,-
53,255,echelon,defyswap,-,-