{
	"137": [
		{
			"name": "Tether USD",
			"address": "0xc2132D05D31c914a87C6611C10748AEb04B58e8F",
			"symbol": "USDT",
			"decimals": 6,
			"chainId": 137,
			"logoURI": "https://raw.githubusercontent.com/trustwallet/assets/master/blockchains/ethereum/assets/0xdAC17F958D2ee523a2206206994597C13D831ec7/logo.png"
		},
		{
			"name": "Wrapped BTC",
			"address": "0x1BFD67037B42Cf73acF2047067bd4F2C47D9BfD6",
			"symbol": "WBTC",
			"decimals": 8,
			"chainId": 137,
			"logoURI": "https://raw.githubusercontent.com/trustwallet/assets/master/blockchains/ethereum/assets/0x2260FAC5E5542a773Aa44fBCfeDf7C193bc2C599/logo.png"
		},
		{
			"name": "Wrapped Ether",
			"address": "0x7ceB23fD6bC0adD59E62ac25578270cFf1b9f619",
			"symbol": "WETH",
			"decimals": 18,
			"chainId": 137,
			"logoURI": "https://raw.githubusercontent.com/trustwallet/assets/master/blockchains/ethereum/assets/0xC02aaA39b223FE8D0A0e5C4F27eAD9083C756Cc2/logo.png"
		},
		{
			"name": "USDCoin",
			"address": "0x2791Bca1f2de4661ED88A30C99A7a9449Aa84174",
			"symbol": "USDC",
			"decimals": 6,
			"chainId": 137,
			"logoURI": "https://raw.githubusercontent.com/trustwallet/assets/master/blockchains/ethereum/assets/0xA0b86991c6218b36c1d19D4a2e9Eb0cE3606eB48/logo.png"
		}
	]
}