{
	"1": [
		{
			"name":"Dai Stablecoin",
			"decimals":18,
			"symbol":"DAI",
			"address":"0x6B175474E89094C44Da98b954EedeAC495271d0F",
			"chainId":1,
			"tags":[
				"stablecoin"
			]
		},
		{
			"name":"TrueUSD",
			"decimals":18,
			"symbol":"TUSD",
			"address":"0x0000000000085d4780B73119b644AE5ecd22b376",
			"chainId":1,
			"tags":[
				"stablecoin"
			]
		},
		{
			"name":"USD Coin",
			"decimals":6,
			"symbol":"USDC",
			"address":"0xA0b86991c6218b36c1d19D4a2e9Eb0cE3606eB48",
			"chainId":1,
			"tags":[
				"stablecoin"
			]
		},
		{
			"name":"Tether USD",
			"decimals":6,
			"symbol":"USDT",
			"address":"0xdAC17F958D2ee523a2206206994597C13D831ec7",
			"chainId":1,
			"tags":[
				"stablecoin"
			]
		},
		{
			"name": "Wrapped BTC",
			"address": "0x2260FAC5E5542a773Aa44fBCfeDf7C193bc2C599",
			"symbol": "WBTC",
			"decimals": 8,
			"chainId": 1,
			"logoURI": "https://raw.githubusercontent.com/trustwallet/assets/master/blockchains/ethereum/assets/0x2260FAC5E5542a773Aa44fBCfeDf7C193bc2C599/logo.png"
		}
	]
}