{
	"250": [
		{
			"name": "SpookySwap Dex",
			"image": "https://s2.coinmarketcap.com/static/img/coins/64x64/9608.png",
			"factory": "0x152eE697f2E276fA89E96742e9bB9aB1F2E61bE3",
			"router": "0xF491e7B69E4244ad4002BC14e878a34207E38c29",
			"masterchef": "0x2b2929E785374c651a81A63878Ab22742656DcDd",
			"description": "SpookySwap Dex",
			"token": {
				"chainId": 250,
				"address": "0x841FAD6EAe12c286d1Fd18d1d525DFfA75C7EFFE",
				"decimals": 18,
				"name": "BOO Token",
				"symbol": "BOO",
				"logoURI": "https://s2.coinmarketcap.com/static/img/coins/64x64/9608.png"
			}
		},
		{
			"name": "SushiSwap Dex",
			"image": "https://dexscreener.com/builds/1651128859/img/dexes/sushiswap.png",
			"factory": "0xc35DADB65012eC5796536bD9864eD8773aBc74C4",
			"router": "0x1b02dA8Cb0d097eB8D57A175b88c7D8b47997506",
			"masterchef": "0x80C7DD17B01855a6D2347444a0FCC36136a314de",
			"description": "SushiSwap Dex",
			"token": {
				"chainId": 250,
				"address": "0x0769fd68dFb93167989C6f7254cd0D766Fb2841F",
				"decimals": 18,
				"name": "SushiSwap Token",
				"symbol": "SUSHI",
				"logoURI": "https://dexscreener.com/builds/1651128859/img/dexes/sushiswap.png"
			}
		}
	]
}