{
	"1666600000": [
		{
			"name": "OpenSwap Dex",
			"image": "https://raw.githubusercontent.com/openXswap/openXswap-misc/master/img/X.png",
			"factory": "0x5d2F9817303b940C9bB4F47C8C566c5C034d9848",
			"router": "0x2F99992024DCC51324BA4956bB1c510F36FA54F5",
			"masterchef": "0x4ed7c70F96B99c776995fB64377f0d4aB3B0e1C1",
			"description": "OpenSwap Dex",
			"token": {
				"chainId": 1666600000,
				"address": "0x01a4b054110d57069c1658afbc46730529a3e326",
				"decimals": 18,
				"name": "OpenSwap Token",
				"symbol": "OpenX",
				"logoURI": "https://raw.githubusercontent.com/openXswap/openXswap-misc/master/img/X.png"
			}
		},
		{
			"name": "DFK Dex",
			"image": "https://s2.coinmarketcap.com/static/img/coins/64x64/12319.png",
			"factory": "0x9014B937069918bd319f80e8B3BB4A2cf6FAA5F7",
			"router": "0x24ad62502d1c652cc7684081169d04896ac20f30",
			"masterchef": "0xDB30643c71aC9e2122cA0341ED77d09D5f99F924",
			"description": "Defi Kingdoms Dex",
			"token": {
				"chainId": 1666600000,
				"address": "0x72Cb10C6bfA5624dD07Ef608027E366bd690048F",
				"decimals": 18,
				"name": "Defi Kingdom Token",
				"symbol": "JEWEL",
				"logoURI": "https://s2.coinmarketcap.com/static/img/coins/64x64/12319.png"
			}
		},
		{
			"name": "Viper Dex",
			"image": "https://assets.coingecko.com/coins/images/15305/large/0c4b902b40f14db918f4500956386414ab7ebcfe.jpeg?1620371961",
			"factory": "0x7D02c116b98d0965ba7B642ace0183ad8b8D2196",
			"router": "0xf012702a5f0e54015362cBCA26a26fc90AA832a3",
			"masterchef": "0x7AbC67c8D4b248A38B0dc5756300630108Cb48b4",
			"description": "ViperSwap Dex",
			"token": {
				"chainId": 1666600000,
				"address": "0xEa589E93Ff18b1a1F1e9BaC7EF3E86Ab62addc79",
				"decimals": 18,
				"name": "ViperSwap Token",
				"symbol": "VIPER",
				"logoURI": "https://assets.coingecko.com/coins/images/15305/large/0c4b902b40f14db918f4500956386414ab7ebcfe.jpeg?1620371961"
			}
		},
		{
			"name": "SushiSwap Dex",
			"image": "https://dexscreener.com/builds/1651128859/img/dexes/sushiswap.png",
			"factory": "0xc35DADB65012eC5796536bD9864eD8773aBc74C4",
			"router": "0x1b02dA8Cb0d097eB8D57A175b88c7D8b47997506",
			"masterchef": "0x80C7DD17B01855a6D2347444a0FCC36136a314de",
			"description": "SushiSwap Dex",
			"token": {
				"chainId": 1666600000,
				"address": "0x0769fd68dFb93167989C6f7254cd0D766Fb2841F",
				"decimals": 18,
				"name": "SushiSwap Token",
				"symbol": "SUSHI",
				"logoURI": "https://dexscreener.com/builds/1651128859/img/dexes/sushiswap.png"
			}
		},
		{
			"name": "Tranquil Dex",
			"image": "https://s2.coinmarketcap.com/static/img/coins/64x64/14653.png",
			"factory": "0xF166939E9130b03f721B0aE5352CCCa690a7726a",
			"router": "0x3C8BF7e25EbfAaFb863256A4380A8a93490d8065",
			"description": "ViperSwap Dex",
			"token": {
				"chainId": 1666600000,
				"address": "0xcf1709ad76a79d5a60210f23e81ce2460542a836",
				"decimals": 18,
				"name": "Tranquil Finance",
				"symbol": "TRANQ",
				"logoURI": "https://s2.coinmarketcap.com/static/img/coins/64x64/14653.png"
			}
		},
		{
			"name": "SonicSwap Dex",
			"image": "https://s2.coinmarketcap.com/static/img/coins/64x64/13120.png",
			"factory": "0x653FB617210ca72DC938f8f4C75738F2B4b88d7B",
			"masterchef": "0x65bFeeC6E0679EB5913b25063Aab228ccab43161",
			"router": "0xcEEB22Faf32FF4EAd24565225503807e41E5FE87",
			"description": "SonicSwap Dex",
			"token": {
				"chainId": 1666600000,
				"address": "0x1e05c8b69e4128949fcef16811a819ef2f55d33e",
				"decimals": 18,
				"name": "SonicSwap Token",
				"symbol": "SONIC",
				"logoURI": "https://s2.coinmarketcap.com/static/img/coins/64x64/13120.png"
			}
		}
	]
}