dex_id,network_id,name,created_at,factory,router
1,1,uniswap,2022-09-25 15:44:38,0x7a250d5630B4cF539739dF2C5dAcb4c659F2488D,0x5C69bEe701ef814a2B6a3EDD4B1652CB9cc5aA6f
2,1,sushiswap,2022-09-25 15:44:38,0xd9e1cE17f2641f24aE83637ab66a2cca9C378B9F,0xC0AEe478e3658e2610c5F7A4A2E1777cE9e4f2Ac
3,1,balancer,2022-09-25 15:44:38,N/A,N/A
4,1,shibaswap,2022-09-25 15:44:38,0x115934131916C8b277DD010Ee02de363c09d037c,0x03f7724180AA6b939894B5Ca4314783B0b36b329
5,1,defiswap,2022-09-25 15:44:38,0x9deb29c9a4c7a88a3c0257393b7f3335338d9a9d,N/A
6,1,stepn,2022-09-25 15:44:38,0x1e895bfe59e3a5103e8b7da3897d1f2391476f3c,0x53e0e51b5ed9202110d7ecd637a4581db8b9879f
7,1,safemoonswap,2022-09-25 15:44:38,0x9Cf2f35E3656D4C68474525d67D9459Da3A000CD,0x1fdD76e18dD21046b7e7D54C8254Bf08B239e4D9
8,1,swapr,2022-09-25 15:44:38,0xd34971bab6e5e356fd250715f5de0492bb070452,0xb9960d9bca016e9748be75dd52f02188b9d0829f
9,1,templedao,2022-09-25 15:44:38,N/A,N/A
10,1,radioshack,2022-09-25 15:44:38,0x91fAe1bc94A9793708fbc66aDcb59087C46dEe10,0x3e445e3280C5747a188DB8d0aB7762838A50E4ff
258,1,pancakeswap,2022-09-28 10:01:49,N/A,N/A
72,2,pancakeswap,2022-09-25 15:44:44,0xcA143Ce32Fe78f1f7019d7d551a6402fC5350c73,0x10ED43C718714eb63d5aA57B78B54704E256024E
73,2,apeswap,2022-09-25 15:44:44,0x0841BD0B734E4F5853f0dD8d7Ea041c241fb0Da6,0xcF0feBd3f17CEf5b47b0cD257aCf6025c5BFf3b7
74,2,biswap,2022-09-25 15:44:44,0x858E3312ed3A876947EA49d572A7C42DE08af7EE,0x3a6d8cA21D1CF76F653A67577FA0D27453350dD8
75,2,mdex,2022-09-25 15:44:44,0x3CD1C46068dAEa5Ebb0d3f55F6915B10648062B8,0x0384E9ad329396C3A6A401243Ca71633B2bC4333
76,2,babyswap,2022-09-25 15:44:44,0x86407bea2078ea5f5eb5a52b2caa963bc1f889da,0x325e343f1de602396e256b67efd1f61c3a6b38bd
77,2,fstswap,2022-09-25 15:44:44,0x9A272d734c5a0d7d84E0a892e891a553e8066dce,0x1B6C9c20693afDE803B27F8782156c0f892ABC2d
78,2,safemoonswap,2022-09-25 15:44:44,0x26023843814cff92b8d75311d64d1c032b8b29f2,0xcf7d4b75b7bccdb8b4f992fe05970680e2ee1a02
79,2,nomiswap,2022-09-25 15:44:44,0xd6715A8be3944ec72738F0BFDC739d48C3c29349,0xD654953D746f0b114d1F85332Dc43446ac79413d
80,2,pandora,2022-09-25 15:44:44,0xFf9A4E72405Df3ca3D909523229677e6B2b8dC71,0xC2426F2018f13Fdc5b260Bd0A88be753ee7FaFc5
81,2,knightswap,2022-09-25 15:44:44,0xf0bc2E21a76513aa7CC2730C7A1D6deE0790751f,0x05E61E0cDcD2170a76F9568a110CEe3AFdD6c46f
82,2,coneexchange,2022-09-25 15:44:44,0x0EFc2D2D054383462F2cD72eA2526Ef7687E1016,0xbf1fc29668e5f5Eaa819948599c9Ac1B1E03E75F
83,2,bakeryswap,2022-09-25 15:44:45,0x01bF7C66c6BD861915CdaaE475042d3c4BaE16A7,0xcde540d7eafe93ac5fe6233bee57e1270d3e330f
84,2,w3swap,2022-09-25 15:44:45,0xD04A80baeeF12fD7b1D1ee6b1f8ad354f81bc4d7,0xF29acE1FE5f36389d0dDe450a0195A30c3770245
85,2,planetfinance,2022-09-25 15:44:45,0xa053582601214FEb3778031a002135cbBB7DBa18,0x9F088377BcdC220CB0E1Ad15aE6Bc75074beE9F6
86,2,swych,2022-09-25 15:44:45,0x80f112CD8Ac529d6993090A0c9a04E01d495BfBf,0x2Bf55D1596786F1AE8160e997D655DbE6d9Bca7A
87,2,baryonswap,2022-09-25 15:44:45,0x2e0BE10d0207DB3132E583c9332b153F861f21a1,0x3f8aadD297E60Ebe7c1bB8d3f6D413b9f39EFB8B
88,2,jswap,2022-09-25 15:44:45,0xd654CbF99F2907F06c88399AE123606121247D5C,0x069A306A638ac9d3a68a6BD8BE898774C073DCb3
89,2,orbitalswap,2022-09-25 15:44:45,0x1A04Afe9778f95829017741bF46C9524B91433fB,0x6B45064F128cA5ADdbf79825186F4e3e3c9E7EB5
90,2,marsecosystem,2022-09-25 15:44:45,0x6f12482D9869303B998C54D91bCD8bCcba81f3bE,0xb68825C810E67D4e444ad5B9DeB55BA56A66e72D
91,2,radioshack,2022-09-25 15:44:45,0x98957ab49b8bc9f7ddbCfD8BcC83728085ecb238,0x5bc3ED94919af03279c8613cB807ab667cE5De99
92,2,sushiswap,2022-09-25 15:44:45,0xc35DADB65012eC5796536bD9864eD8773aBc74C4,0x1b02dA8Cb0d097eB8D57A175b88c7D8b47997506
93,2,openocean,2022-09-25 15:44:45,N/A,N/A
94,2,dinosaureggs,2022-09-25 15:44:45,0x73D9F93D53505cB8C4c7f952ae42450d9E859D10,0xE9C7650b97712C0Ec958FF270FBF4189fB99C071
95,2,sphynx,2022-09-25 15:44:45,0x8BA1a4C24DE655136DEd68410e222cCA80d43444,0x0C8094a69e8e44404371676f07B2C32923B5699c
96,2,annexfinance,2022-09-25 15:44:45,0x6100af6980d35FDb119BECE4969fF6b68DA6e4ea,0xBa67BA73774dA585664661d22775dB9761418dC5
97,2,waultfinance,2022-09-25 15:44:45,N/A,N/A
98,2,moonlift,2022-09-25 15:44:45,0x0dC614eCb00Fe2f6312cd1736e61a04969a4fe7B,0xe9cABbC746C03010020Fd093cD666e40823E0D87
99,2,niob,2022-09-25 15:44:45,N/A,N/A
100,2,jetswap,2022-09-25 15:44:45,0x0eb58E5c8aA63314ff5547289185cC4583DfCBD5,0xBe65b8f75B9F20f4C522e0067a3887FADa714800
101,2,aequinox,2022-09-25 15:44:45,N/A,N/A
102,2,padswap,2022-09-25 15:44:45,0xB836017ACf10b8A7c6c6C9e99eFE0f5B0250FC45,0x76437234D29f84D9A12820A137c6c6A719138C24
103,2,hyperjump,2022-09-25 15:44:45,0xaC653cE27E04C6ac565FD87F18128aD33ca03Ba2,0x3bc677674df90A9e5D741f28f6CA303357D0E4Ec
104,2,cobraswap,2022-09-25 15:44:45,N/A,N/A
105,2,pyeswap,2022-09-25 15:44:45,0x51728504e7f4C45ce16daD18245c5843360B6C34,0xB8927674d6A7D2C44500d5635027DC8f77747C98
106,2,bridgesexchange,2022-09-25 15:44:45,N/A,N/A
107,2,mochiswap,2022-09-25 15:44:45,0x338D43c1D897B8e833fF22a8de732d161F069bF8,0x939ffC5a4f3e9DF85e1036A8C86b18599A403F3B
26,3,uniswap,2022-09-25 15:44:41,N/A,N/A
27,3,mmfinance,2022-09-25 15:44:41,0x7cFB780010e9C861e03bCbC7AC12E013137D47A5,0x51aba405de2b25e5506dea32a6697f450ceb1a17
28,3,quickswap,2022-09-25 15:44:41,0x5757371414417b8C6CAad45bAeF941aBc7d3Ab32,0xa5E0829CaCEd8fFDD4De3c43696c57F7D7A678ff
29,3,sushiswap,2022-09-25 15:44:41,0xc35DADB65012eC5796536bD9864eD8773aBc74C4,0x1b02dA8Cb0d097eB8D57A175b88c7D8b47997506
30,3,balancer,2022-09-25 15:44:41,N/A,N/A
31,3,apeswap,2022-09-25 15:44:41,0xCf083Be4164828f00cAE704EC15a36D711491284,0xC0788A3aD43d79aa53B09c2EaCc313A787d1d607
32,3,dfyn,2022-09-25 15:44:41,0xE7Fb3e833eFE5F9c441105EB65Ef8b261266423B,0xA102072A4C07F06EC3B4900FDC4C7B80b6c57429
33,3,radioshack,2022-09-25 15:44:41,0xB581D0A3b7Ea5cDc029260e989f768Ae167Ef39B,0xaf877420786516fc6692372c209e0056169eebaf
34,3,dystopia,2022-09-25 15:44:41,0x1d21Db6cde1b18c7E47B0F7F42f4b3F68b9beeC9,0xbE75Dd16D029c6B32B7aD57A0FD9C1c20Dd2862e
35,3,vulcandex,2022-09-25 15:44:41,N/A,N/A
36,3,jetswap,2022-09-25 15:44:41,0x668ad0ed2622C62E24f0d5ab6B6Ac1b9D2cD4AC7,0x5C6EC38fb0e2609672BDf628B1fD605A523E5923
37,3,elkfinance,2022-09-25 15:44:41,0xE3BD06c7ac7E1CeB17BdD2E5BA83E40D1515AF2a,0xf38a7A7Ac2D745E2204c13F824c00139DF831FFf
38,3,gravityfinance,2022-09-25 15:44:41,0x3ed75AfF4094d2Aaa38FaFCa64EF1C152ec1Cf20,0x57dE98135e8287F163c59cA4fF45f1341b680248
39,3,polycat,2022-09-25 15:44:41,0x477Ce834Ae6b7aB003cCe4BC4d8697763FF456FA,0x94930a328162957FF1dd48900aF67B5439336cBD
40,3,comethswap,2022-09-25 15:44:41,0x800b052609c355ca8103e06f022aa30647ead60a,0x93bcDc45f7e62f89a8e901DC4A0E2c6C427D9F25
41,3,algebra,2022-09-25 15:44:41,N/A,N/A
42,3,firebird,2022-09-25 15:44:41,0x5de74546d3b86c8df7feec30253865e1149818c8,0xf6fa9ea1f64f1bbfa8d71f7f43faf6d45520bfac
43,3,waultfinance,2022-09-25 15:44:41,0xa98ea6356A316b44Bf710D5f9b6b4eA0081409Ef,0x3a1D87f206D12415f5b0A33E786967680AAb4f6d
44,3,jamonswap,2022-09-25 15:44:41,0x56CfC115e04dFCdA3ad47eAE1db86f70C1F8D8A5,0xdBe30E8742fBc44499EB31A19814429CECeFFaA0
45,3,tetuswap,2022-09-25 15:44:41,0x684d8c187be836171a1Af8D533e4724893031828,0xBCA055F25c3670fE0b1463e8d470585Fe15Ca819
46,3,dinoswap,2022-09-25 15:44:41,0x624Ccf581371F8A4493e6AbDE46412002555A1b6,0x6AC823102CB347e1f5925C634B80a98A3aee7E03
47,3,nachofinance,2022-09-25 15:44:41,0x1B44bf43111A26206F9735319A0c438dd1c030b2,0x4237a813604bD6815430d55141EA2C24D4543e44
48,3,polyzap,2022-09-25 15:44:41,0x34De5ce6c9a395dB5710119419A7a29baa435C88,0x4aAEC1FA8247F85Dc3Df20F4e03FEAFdCB087Ae9
11,4,traderjoe,2022-09-25 15:44:39,0x9Ad6C38BE94206cA50bb0d90783181662f0Cfa10,0x60aE616a2155Ee3d9A68541Ba4544862310933d4
12,4,pangolin,2022-09-25 15:44:39,0xefa94DE7a4656D787667C749f7E1223D71E9FD88,0xE54Ca86531e17Ef3616d22Ca28b0D458b6C89106
13,4,sushiswap,2022-09-25 15:44:39,0xc35DADB65012eC5796536bD9864eD8773aBc74C4,0x1b02dA8Cb0d097eB8D57A175b88c7D8b47997506
14,4,radioshack,2022-09-25 15:44:39,0xefa94DE7a4656D787667C749f7E1223D71E9FD88,0xE54Ca86531e17Ef3616d22Ca28b0D458b6C89106
15,4,swapsicle,2022-09-25 15:44:39,0x9C60C867cE07a3c403E2598388673C10259EC768,0xC7f372c62238f6a5b79136A9e5D16A2FD7A3f0F5
16,4,elkfinance,2022-09-25 15:44:39,0x091d35d7F63487909C863001ddCA481c6De47091,0x9E4AAbd2B3E60Ee1322E94307d0776F2c8e6CFbb
17,4,onavax,2022-09-25 15:44:39,0xE01cF83a89e8C32C0A9f91aCa7BfE554EBEE7141,0x0eb4DF266dA7c7BC1629b52a540cc87C8D95Bf24
18,4,hurricaneswap,2022-09-25 15:44:39,N/A,N/A
19,4,lydiafinance,2022-09-25 15:44:39,0xe0C1bb6DF4851feEEdc3E14Bd509FEAF428f7655,0xA52aBE4676dbfd04Df42eF7755F01A3c41f28D27
20,4,hakuswap,2022-09-25 15:44:39,0x2Db46fEB38C57a6621BCa4d97820e1fc1de40f41,0x5F1FdcA239362c5b8A8Ada26a256ac5626CC33E0
21,4,apexswap,2022-09-25 15:44:39,N/A,N/A
22,4,yetiswap,2022-09-25 15:44:39,0x58C8CD291Fa36130119E6dEb9E520fbb6AcA1c3a,0x262DcFB36766C88E6A7a2953c16F8defc40c378A
23,4,thorus,2022-09-25 15:44:39,0xa98ea6356A316b44Bf710D5f9b6b4eA0081409Ef,0xb5b2444eDF79b00d40f463f79158D1187a0D0c25
24,4,alligator,2022-09-25 15:44:39,0xD9362AA8E0405C93299C573036E7FB4ec3bE1240,0x80B8d36f2A85EC557eC1955c373961e2221c7540
25,4,partyswap,2022-09-25 15:44:39,0x58A08bc28f3E8dab8Fb2773D8f243bC740398b09,0xff164Ede3E7C375E8764E9e3a22D3E35F780EEBC
49,5,spookyswap,2022-09-25 15:44:44,0x152eE697f2E276fA89E96742e9bB9aB1F2E61bE3,0xF491e7B69E4244ad4002BC14e878a34207E38c29
50,5,solidly,2022-09-25 15:44:44,0x3fAaB499b519fdC5819e3D7ed0C26111904cbc28,0xa38cd27185a464914D3046f0AB9d43356B34829D
51,5,spiritswap,2022-09-25 15:44:44,0xEF45d134b73241eDa7703fa787148D9C9F4950b0,0x16327E3FbDaCA3bcF7E38F5Af2599D2DDc33aE52
52,5,sushiswap,2022-09-25 15:44:44,0xc35DADB65012eC5796536bD9864eD8773aBc74C4,0x1b02dA8Cb0d097eB8D57A175b88c7D8b47997506
53,5,beethovenx,2022-09-25 15:44:44,N/A,N/A
54,5,tombswap,2022-09-25 15:44:44,0xE236f6890F1824fa0a7ffc39b1597A5A6077Cfe9,0x6D0176C5ea1e44b08D3dd001b0784cE42F47a3A7
55,5,protofi,2022-09-25 15:44:44,0x39720E5Fe53BEEeb9De4759cb91d8E7d42c17b76,0xF4C587a0972Ac2039BFF67Bc44574bB403eF5235
56,5,knightswap,2022-09-25 15:44:44,0xf0bc2E21a76513aa7CC2730C7A1D6deE0790751f,0x05E61E0cDcD2170a76F9568a110CEe3AFdD6c46f
57,5,wigoswap,2022-09-25 15:44:44,0xc831a5cbfb4ac2da5ed5b194385dfd9bf5bfcba7,0x5023882f4d1ec10544fcb2066abe9c1645e95aa0
58,5,redemption,2022-09-25 15:44:44,0xa2dF50d1401afF182D19Bb41d76cf35953942c51,0x6726a3c9aFD89Ce0beaC9A7F6D3cc6870dD26331
59,5,excalibur,2022-09-25 15:44:44,N/A,N/A
60,5,morpheusswap,2022-09-25 15:44:44,0x9C454510848906FDDc846607E4baa27Ca999FBB6,0x8aC868293D97761A1fED6d4A01E9FF17C5594Aa3
61,5,paintswap,2022-09-25 15:44:44,0x733A9D1585f2d14c77b49d39BC7d7dd14CdA4aa5,0xfD000ddCEa75a2E23059881c3589F6425bFf1AbB
62,5,yoshiexchange,2022-09-25 15:44:44,0xc5bC174CB6382FbAB17771d05e6a918441deCeea,0xE4a4642B19C4d0CBA965673cd51422b1EDA0a78d
63,5,soulswap,2022-09-25 15:44:44,0x69fcC260353530DE3fB8D0897ae821fCc2c81f0f,0x6b3d631B87FE27aF29efeC61d2ab8CE4d621cCBF
64,5,elkfinance,2022-09-25 15:44:44,0x7Ba73c99e6f01a37f3e33854c8F544BbbadD3420,0x4D2cf285a519261F30b4d9c2c344Baf260d65Fa2
65,5,bombswap,2022-09-25 15:44:44,0xD9473A05b2edf4f614593bA5D1dBd3021d8e0Ebe,0xb9799De71100e20aC1cdbCc63C69ddA2D0D81710
66,5,jetswap,2022-09-25 15:44:44,0x668ad0ed2622C62E24f0d5ab6B6Ac1b9D2cD4AC7,0x5C6EC38fb0e2609672BDf628B1fD605A523E5923
67,5,wingswap,2022-09-25 15:44:44,0xe1936bD80E78fEdE44f726084256C1Dfe61D1812,0x2b660040b289B1B570E053b21dd9A6F1067AD7F5
68,5,hyperjump,2022-09-25 15:44:44,0x991152411A7B5A14A8CF0cDDE8439435328070dF,0x53c153a0df7E050BbEFbb70eE9632061f12795fB
69,5,degenhaus,2022-09-25 15:44:44,0xA01C3d760738c79e10334408aE59684Aa36B1131,0xcdA8f0fB4132D977AD427d18555E0cb1b1dfA363
70,5,farmtom,2022-09-25 15:44:44,0xA54354b43AA6bF6AAED94E579AA9a3B88de2528f,0x07FA1DB1D12A704B26Efd03671573943e6982A6A
71,5,defyswap,2022-09-25 15:44:44,N/A,N/A
108,6,defikingdoms,2022-09-25 15:45:01,0x9014B937069918bd319f80e8B3BB4A2cf6FAA5F7,0x24ad62502d1c652cc7684081169d04896ac20f30
109,6,sushiswap,2022-09-25 15:45:01,0xc35DADB65012eC5796536bD9864eD8773aBc74C4,0x1b02dA8Cb0d097eB8D57A175b88c7D8b47997506
110,6,tranquilfinance,2022-09-25 15:45:01,0xF166939E9130b03f721B0aE5352CCCa690a7726a,0x3C8BF7e25EbfAaFb863256A4380A8a93490d8065
111,6,viperswap,2022-09-25 15:45:01,0x7D02c116b98d0965ba7B642ace0183ad8b8D2196,0xf012702a5f0e54015362cBCA26a26fc90AA832a3
112,6,hermesdefi,2022-09-25 15:45:01,0xfE5e54A8E28534fFfe89b9cfDDfd18d3a90B42cA,0x0A34fE479d2442fB51333ac373dD2CBF02B6D949
113,6,lootswap,2022-09-25 15:45:02,0x021AeF70c404aa9d70b71C615F17aB3a4038851A,0x6d9eF21E7b93CF0C45847d586E1b9eFCaaB76009
114,6,foxswap,2022-09-25 15:45:02,0xfA53b963A39621126bf45F647F813952cD3c5C66,0x32253394e1C9E33C0dA3ddD54cDEff07E457A687
115,6,openswap,2022-09-25 15:45:02,0x5d2F9817303b940C9bB4F47C8C566c5C034d9848,0x2F99992024DCC51324BA4956bB1c510F36FA54F5
116,6,fuzzswap,2022-09-25 15:45:02,0x5245d2136dc79Df222f00695C0c29d0c4d0E98A6,0xFb53dAEdF7aB2D60D22ca8d0Aa24285A0A486349
117,6,elkfinance,2022-09-25 15:45:02,0xCdde1AbfF5Ae3Cbfbdb55c1e866Ac56380e18720,0xbeA02dc919B08b5aE2158a8fBC60D4DA5640737B
118,6,bossswap,2022-09-25 15:45:02,N/A,N/A
119,6,mochiswap,2022-09-25 15:45:02,0x3bEF610a4A6736Fd00EBf9A73DA5535B413d82F6,0x5F4467ccfa269BcED8F2bC4057bBF17435d11A0d
120,6,sonicswap,2022-09-25 15:45:02,0x653FB617210ca72DC938f8f4C75738F2B4b88d7B,0x65bFeeC6E0679EB5913b25063Aab228ccab43161
121,6,wagmidao,2022-09-25 15:45:02,0xFE33b03a49A1FCD095a8434DD625c2d2735e84B8,0x06FDB55031a0924789107bD97E366a27bbB3d422
134,7,mmfinance,2022-09-25 15:45:05,0xd590cC180601AEcD6eeADD9B7f2B7611519544f4,0x145677fc4d9b8f19b5d56d1820c48e0443049a30
135,7,vvsfinance,2022-09-25 15:45:05,0x3b44b2a187a7b3824131f8db5a74194d0a42fc15,0x145863Eb42Cf62847A6Ca784e6416C1682b1b2Ae
136,7,cronaswap,2022-09-25 15:45:05,0x73A48f8f521EB31c55c0e1274dB0898dE599Cb11,0xcd7d16fB918511BF7269eC4f48d61D79Fb26f918
137,7,crodex,2022-09-25 15:45:05,0xe9c29cB475C0ADe80bE0319B74AD112F1e80058F,0xeC0A7a0C2439E8Cb67b992b12ecd020Ea943c7Be
138,7,cougar,2022-09-25 15:45:05,0x1CE8f3c99835eA3AaA888Df682d33F7E6eA0B3F4,0x3c1997d8738dcaB7Ed099105fCd61A9fe5f351Dd
139,7,elkfinance,2022-09-25 15:45:05,0xEEa0e2830D09D8786Cb9F484cA20898b61819ef1,0xdB02A597b283eACb9436Cd2a2d15039a11A3299d
140,7,cyborgswap,2022-09-25 15:45:05,0x6C50Ee65CFcfC59B09C570e55D76daa7c67D6da5,0x5bFc95C3BbF50579bD57957cD074fa96a4d5fF9F
141,7,annexfinance,2022-09-25 15:45:05,N/A,N/A
142,7,hopswap,2022-09-25 15:45:05,0x918cefF586C00c1fa4726Dc50697172fd87df8e9,0x52C520DDc9d88a9A3e554a574b31cAa9C0932C57
143,7,crowfi,2022-09-25 15:45:05,0xDdcf30c1A85e5a60d85310d6b0D3952A75a00db4,0xd30d3aC04E2325E19A2227cfE6Bc860376Ba20b1
144,7,duckydefi,2022-09-25 15:45:05,0x796E38Bb00f39a3D39ab75297D8d6202505f52e2,0x28a10fE91d4a8D0637999a903eEf9Ad5b1D9947C
145,7,photonswap,2022-09-25 15:45:05,0x462C98Cae5AffEED576c98A55dAA922604e2D875,0x69004509291F4a4021fA169FafdCFc2d92aD02Aa
146,7,kryptodex,2022-09-25 15:45:05,N/A,N/A
147,7,empiredex,2022-09-25 15:45:05,N/A,N/A
148,7,stabil,2022-09-25 15:45:05,N/A,N/A
149,7,smolswap,2022-09-25 15:45:06,0x7Aa2149fF9EF4A09D4ace72C49C26AaE8C89Fb48,0x8118DD9fED86523Bf724e2EC5f56055Da0668AF4
122,9,trisolaris,2022-09-25 15:45:04,0xc66F594268041dB60507F00703b152492fb176E7,0x2CB45Edb4517d5947aFdE3BEAbF95A582506858B
123,9,wannaswap,2022-09-25 15:45:04,0x7928D4FeA7b2c90C732c10aFF59cf403f0C38246,0xa3a1eF5Ae6561572023363862e238aFA84C72ef5
124,9,nearpad,2022-09-25 15:45:05,0x34484b4E416f5d4B45D4Add0B6eF6Ca08FcED8f1,0xBaE0d7DFcd03C90EBCe003C58332c1346A72836A
125,9,mindgames,2022-09-25 15:45:05,N/A,N/A
126,9,auroraswap,2022-09-25 15:45:05,0xC5E1DaeC2ad401eBEBdd3E32516d90Ab251A3aA3,0xA1B1742e9c32C7cAa9726d8204bD5715e3419861
127,9,amaterasu,2022-09-25 15:45:05,0x34696b6cE48051048f07f4cAfa39e3381242c3eD,0x3d99B2F578d94f61adcD899DE55F2991522cefE1
128,10,solarbeam,2022-09-25 15:45:05,0x049581aEB6Fe262727f290165C29BDAB065a1B68,0xAA30eF758139ae4a7f798112902Bf6d65612045f
129,10,sushiswap,2022-09-25 15:45:05,0xc35DADB65012eC5796536bD9864eD8773aBc74C4,0x1b02dA8Cb0d097eB8D57A175b88c7D8b47997506
130,10,zenlink,2022-09-25 15:45:05,N/A,N/A
131,10,huckleberry,2022-09-25 15:45:05,0x017603C8f29F7f6394737628a93c57ffBA1b7256,0x2d4e873f9Ab279da9f1bb2c532d4F06f67755b77
132,10,seadex,2022-09-25 15:45:05,N/A,N/A
133,10,padswap,2022-09-25 15:45:05,0x760d2Bdb232027aB3b1594405077F9a1b91C04c1,0x790d4b443edB9ce9A8d1aEC585edd89E51132D2c
150,11,stellaswap,2022-09-25 15:45:07,0x68A384D826D3678f78BB9FB1533c7E9577dACc0E,0x70085a09d30d6f8c4ecf6ee10120d1847383bb57
151,11,solarflare,2022-09-25 15:45:07,0x19B85ae92947E0725d5265fFB3389e7E4F191FDa,0xd3B02Ff30c218c7f7756BA14bcA075Bf7C2C951e
152,11,beamswap,2022-09-25 15:45:07,0x985BcA32293A7A496300a48081947321177a86FD,0x96b244391D98B62D19aE89b1A4dCcf0fc56970C7
153,11,zenlink,2022-09-25 15:45:07,0xf49255205dfd7933c4d0f25a57d40b1511f92fef,0x7a3909c7996efe42d425cd932fc44e3840fcab71
154,11,padswap,2022-09-25 15:45:07,0x663a07a2648296f1A3C02EE86A126fE1407888E5,0x40F1fEF0Fe68Fd10ff904070ee00a7769EE7fe34
155,11,lunardex,2022-09-25 15:45:07,N/A,N/A
163,12,hermesprotocol,2022-09-25 15:45:28,0x633a093C9e94f64500FC8fCBB48e90dd52F6668F,0x2d4F788fDb262a25161Aa6D6e8e1f18458da8441
164,12,tethys,2022-09-25 15:45:28,0x2CdFB20205701FF01689461610C9F321D1d00F80,0x81b9FA50D5f5155Ee17817C21702C3AE4780AD09
165,12,netswap,2022-09-25 15:45:28,0x70f51d68D16e8f9e418441280342BD43AC9Dff9f,0x1E876cCe41B7b844FDe09E38Fa1cf00f213bFf56
166,12,standard,2022-09-25 15:45:28,N/A,N/A
171,13,uniswap,2022-09-25 15:45:34,N/A,N/A
172,13,sushiswap,2022-09-25 15:45:34,0xc35DADB65012eC5796536bD9864eD8773aBc74C4,0x1b02dA8Cb0d097eB8D57A175b88c7D8b47997506
173,13,balancer,2022-09-25 15:45:34,N/A,N/A
174,13,swapr,2022-09-25 15:45:34,N/A,N/A
156,14,uniswap,2022-09-25 15:45:24,N/A,N/A
157,14,velodrome,2022-09-25 15:45:24,0x25CbdDb98b35ab1FF77413456B31EC81A6B6B746,0xa132DAB612dB5cB9fC9Ac426A0Cc215A3423F9c9
158,14,beethovenx,2022-09-25 15:45:24,N/A,N/A
159,14,zipswap,2022-09-25 15:45:24,0x8BCeDD62DD46F1A76F8A1633d4f5B76e0CDa521E,0xE6Df0BB08e5A97b40B21950a0A51b94c4DbA0Ff6
167,15,dogeswap,2022-09-25 15:45:31,0xD27D9d61590874Bf9ee2a19b27E265399929C9C3,0xa4EE06Ce40cb7e8c04E127c1F7D3dFB7F7039C81
168,15,kibbleswap,2022-09-25 15:45:31,0xF4bc79D32A7dEfd87c8A9C100FD83206bbF19Af5,0x6258c967337D3faF0C2ba3ADAe5656bA95419d5f
169,15,yodeswap,2022-09-25 15:45:31,0xAaA04462e35f3e40D798331657cA015169e005d7,0x72d85Ab47fBfc5E7E04a8bcfCa1601D8f8cE1a50
170,15,quickswap,2022-09-25 15:45:31,0xd2480162Aa7F02Ead7BF4C127465446150D58452,0x4aE2bD0666c76C7f39311b9B3e39b53C8D7C43Ea
160,16,mdex,2022-09-25 15:45:27,0xb0b670fc1F7724119963018DB0BfA86aDb22d941,0xED7d5F38C79115ca12fe6C0041abb22F0A06C300
161,16,makiswap,2022-09-25 15:45:27,0x11cdC9Bd86fF68b6A6152037342bAe0c3a717f56,0x7f88bc12aa1ed9ff4605123649ac90f2cd9407eb
162,16,pippifinance,2022-09-25 15:45:27,N/A,N/A
184,17,valleyswap,2022-09-25 15:45:50,0xa25464822b505968eEc9A45C43765228c701d35f,0x7C0b0a525fc6A2caDf7AE37198119025C6feA28a
185,17,yuzuswap,2022-09-25 15:45:50,0x250d48C5E78f1E85F7AB07FEC61E93ba703aE668,0x5F50fDC22697591c1D7BfBE8021163Fc73513653
186,17,gemkeeper,2022-09-25 15:45:50,0xa7200334f652425A12BF2f7e4F0F5409CCA4d963,0x543d97779ca53d7b4355cA013C853D86B7F558d9
187,17,lizard,2022-09-25 15:45:50,0xefA6861931991CCE372c477a015619A21dfEBE8c,0x78577Ae67bC03CFF9044dd4B2db8528A0Eed573c
188,17,duneswap,2022-09-25 15:45:50,0x9dd422B52618f4eDD13E08c840f2b6835F3C0585,0x7F80093D0759e485239D3010A47B805b6507daAe
189,17,tulipswap,2022-09-25 15:45:50,0xeD9a19D1B62b00F945E64bE2d7d24D0c962fc9Ef,0xA987764B3133a2D6C9c6Cf4e9dFe45DeB1a056c7
190,17,rimswap,2022-09-25 15:45:50,N/A,N/A
178,18,arthswap,2022-09-25 15:45:49,0xA9473608514457b4bF083f9045fA63ae5810A03E,0xE915D2393a08a00c5A463053edD31bAe2199b9e7
179,18,agsfinance,2022-09-25 15:45:49,N/A,N/A
180,18,astarexchange,2022-09-25 15:45:49,0x95f506E72777efCB3C54878bB4160b00Cd11cd84,0xD38F0bC4a0728d2a1fCAaFa364F7c8422Ba1CD14
181,18,polkaex,2022-09-25 15:45:49,N/A,N/A
182,18,versa,2022-09-25 15:45:49,0x4346A7C8C39Bf91b8a80933c2fdb10d815c401dB,0xDAC282cA5534DC5936165197263E5f08b2C4577c
183,18,funbeast,2022-09-25 15:45:50,0xb99978440F310658C5E69D5042724327EF6D3CE7,0x06C04B0AD236e7Ca3B3189b1d049FE80109C7977
175,19,diffusion,2022-09-25 15:45:49,0x6aBdDa34Fb225be4610a2d153845e09429523Cd2,0xFCd2Ce20ef8ed3D43Ab4f8C2dA13bbF1C6d9512F
176,19,cronusfinance,2022-09-25 15:45:49,0x20570b7bFf86B2f92068622D0805160f318554Be,0x3Bc1F48740a5D6dffAc36FAF4c9905a941509348
177,19,evmoswap,2022-09-25 15:45:49,0xac23640FbB17Af879037216B156b6d6654F7EE82,0xb6b801Aa59970A9247F662F322a5B231503BF126
191,21,defikingdoms,2022-09-25 15:45:50,0x794C07912474351b3134E6D6B3B7b3b4A07cbAAa,0x3C351E1afdd1b1BC44e931E12D4E05D6125eaeCa
192,22,swapr,2022-09-25 15:45:52,0x5D48C95AdfFD4B40c1AAADc4e08fc44117E02179,0xE43e60736b1cb4a75ad25240E2f9a62Bff65c0C0
193,22,honeyswap,2022-09-25 15:45:52,0xA818b4F111Ccac7AA31D0BCc0806d64F2E0737D7,0x1C232F01118CB8B424793ae03F870aa7D0ac7f77
194,22,sushiswap,2022-09-25 15:45:52,0xc35DADB65012eC5796536bD9864eD8773aBc74C4,0x1b02dA8Cb0d097eB8D57A175b88c7D8b47997506
195,22,baofinance,2022-09-25 15:45:52,0x45DE240fbE2077dd3e711299538A09854FAE9c9b,0x6093AeBAC87d62b1A5a4cEec91204e35020E38bE
202,23,wagyuswap,2022-09-25 15:46:10,N/A,N/A
203,23,astroswap,2022-09-25 15:46:10,N/A,N/A
204,23,jungleswap,2022-09-25 15:46:10,N/A,N/A
196,24,mojitoswap,2022-09-25 15:46:09,0x79855A03426e15Ad120df77eFA623aF87bd54eF3,0x8c8067ed3bC19ACcE28C1953bfC18DC85A2127F7
197,24,kuswap,2022-09-25 15:46:09,0xAE46cBBCDFBa3bE0F02F463Ec5486eBB4e2e65Ae,0xa58350d6dee8441aa42754346860e3545cc83cda
198,24,koffeeswap,2022-09-25 15:46:09,0xc0ffee00000e1439651c6ad025ea2a71ed7f3eab,0xc0ffee0000c824d24e0f280f1e4d21152625742b
199,24,kudex,2022-09-25 15:46:09,N/A,N/A
205,25,cherryswap,2022-09-25 15:46:11,0x709102921812B3276A65092Fe79eDfc76c4D4AFe,0x865bfde337C8aFBffF144Ff4C29f9404EBb22b15
206,25,jswap,2022-09-25 15:46:11,0xd654CbF99F2907F06c88399AE123606121247D5C,0x069A306A638ac9d3a68a6BD8BE898774C073DCb3
207,25,kswap,2022-09-25 15:46:11,0x60DCD4a2406Be12dbe3Bb2AaDa12cFb762A418c1,0xc3364A27f56b95f4bEB0742a7325D67a04D80942
200,26,ubeswap,2022-09-25 15:46:10,0x62d5b84bE28a183aBB507E125B384122D2C25fAE,0xE3D8bd6Aed4F159bc8000a9cD47CffDb95F96121
201,26,sushiswap,2022-09-25 15:46:10,0xc35DADB65012eC5796536bD9864eD8773aBc74C4,0x1421bDe4B10e8dd459b3BCb598810B1337D56842
208,28,lif3,2022-09-25 15:46:21,N/A,N/A
211,29,mistswap,2022-09-25 15:46:28,0x6008247F53395E7be698249770aa1D2bfE265Ca0,0x5d0bF8d8c8b054080E2131D8b260a5c6959411B8
212,29,lawswap,2022-09-25 15:46:28,N/A,N/A
213,29,benswap,2022-09-25 15:46:28,0x8d973bAD782c1FFfd8FcC9d7579542BA7Dd0998D,0xa194133ED572D86fe27796F2feADBAFc062cB9E0
214,29,tangoswap,2022-09-25 15:46:28,N/A,N/A
215,29,muesliswap,2022-09-25 15:46:28,0x72cd8c0B5169Ff1f337E2b8F5b121f8510b52117,0x87786fFa56d47a3862e272E67C82d9d9Fae14347
216,29,emberswap,2022-09-25 15:46:28,0xE62983a68679834eD884B9673Fb6aF13db740fF0,0x217057A8B0bDEb160829c19243A2E03bfe95555a
217,29,tropicalfinance,2022-09-25 15:46:28,0x138504000feaEd02AD75B1e8BDb904f51C445F4C,0xf6aA8520cE2f044f5868d103dfC3b92Eb1B51eC3
218,29,1bch,2022-09-25 15:46:28,N/A,N/A
209,30,sushiswap,2022-09-25 15:46:24,N/A,N/A
210,31,hebeswap,2022-09-25 15:46:25,0x09fafa5eecbc11C3e5d30369e51B7D9aab2f3F53,0xEcBcF5C7aF4c323947CFE982940BA7c9fd207e2b
221,32,uniswap,2022-09-25 15:46:43,N/A,N/A
222,32,powswap,2022-09-25 15:46:43,0x62009bD6349A3A1d7f1bcC7C69492Cd26F1FBF75,0x6851e767Aaa9C4674Fe8cAE95AFCc819b7Fb0403
223,32,uniwswap,2022-09-25 15:46:43,0x633e494C22D163F798b25b0264b92Ac612645731,0x633e494C22D163F798b25b0264b92Ac612645731
224,32,lfgswap,2022-09-25 15:46:43,N/A,N/A
225,32,sushiswap,2022-09-25 15:46:43,0xC0AEe478e3658e2610c5F7A4A2E1777cE9e4f2Ac,0xd9e1cE17f2641f24aE83637ab66a2cca9C378B9F
226,32,shibaswap,2022-09-25 15:46:43,0x115934131916C8b277DD010Ee02de363c09d037c,0x03f7724180AA6b939894B5Ca4314783B0b36b329
227,32,defiswap,2022-09-25 15:46:43,N/A,N/A
228,33,uniswap,2022-09-25 15:46:46,N/A,N/A
229,33,sushiswap,2022-09-25 15:46:46,N/A,N/A
230,33,shibaswap,2022-09-25 15:46:46,N/A,N/A
231,33,defiswap,2022-09-25 15:46:46,N/A,N/A
219,34,slingshotfinance,2022-09-25 15:46:38,N/A,N/A
220,35,dawnswap,2022-09-25 15:46:39,N/A,N/A
233,36,yokaiswap,2022-09-25 15:46:53,N/A,N/A
232,37,puddingswap,2022-09-25 15:46:53,N/A,N/A
238,38,voltagefinance,2022-09-25 15:47:02,0x1998E4b0F1F922367d8Ec20600ea2b86df55f34E,0xE3F85aAd0c8DD7337427B9dF5d0fB741d65EEEB5
239,38,elkfinance,2022-09-25 15:47:02,0x779407e40Dad9D70Ba5ADc30E45cC3494ec71ad2,0x9a5De8C973c2f64f0f518DE581BcC2aa2dF8A621
240,38,sushiswap,2022-09-25 15:47:02,0x43eA90e2b786728520e4f930d2A71a477BF2737C,0xF4d73326C13a4Fc5FD7A064217e12780e9Bd62c3
234,39,zappy,2022-09-25 15:47:01,0x4be5bf2233a0fd2c7d1472487310503ec8e857be,0xb9239af0697c8efb42cba3568424b06753c6da71
235,39,omnidex,2022-09-25 15:47:01,0x7a2A35706f5d1CeE2faa8A254dd6F6D7d7Becc25,0xF9678db1CE83f6f51E5df348E2Cc842Ca51EfEc1
236,39,sushiswap,2022-09-25 15:47:01,0xc35DADB65012eC5796536bD9864eD8773aBc74C4,0x1b02dA8Cb0d097eB8D57A175b88c7D8b47997506
237,39,elkfinance,2022-09-25 15:47:01,0x47c3163e691966f8c1b93B308A236DDB3C1C592d,0x75840EBB437981a3F3F1F004513821E0CcDCFC21
241,40,kaidex,2022-09-25 15:47:07,0xC9567a8B6b622cdc8076C6b4432Ade0e11F50Da1,0xbAFcdabe65A03825a131298bE7670c0aEC77B37f
242,40,becoswap,2022-09-25 15:47:07,0x58b54BCDF2aF8a70dD6433EB39b308148261bB49,0x05fF2B0DB69458A0750badebc4f9e13aDd608C7F
243,41,mimo,2022-09-25 15:47:13,0xda257cBe968202Dea212bBB65aB49f174Da58b9D,0x147CdAe2BF7e809b9789aD0765899c06B361C5cE
244,41,elkfinance,2022-09-25 15:47:13,0xF96bE66DA0b9bC9DFD849827b4acfA7e8a6F3C42,0xAEB801BA5Cf1233B2a3765890D4f8f8C8141Fa43
245,42,wanswap,2022-09-25 15:47:14,N/A,N/A
246,43,swappi,2022-09-25 15:47:15,N/A,N/A
247,44,capricorn,2022-09-25 15:47:17,N/A,N/A
248,45,oolongswap,2022-09-25 15:47:20,N/A,N/A
249,46,voltswap,2022-09-25 15:47:30,N/A,N/A
252,47,glidefinance,2022-09-25 15:47:33,N/A,N/A
250,48,pegasys,2022-09-25 15:47:31,N/A,N/A
253,50,shibswap,2022-09-25 15:47:34,N/A,N/A
251,52,fusion,2022-09-25 15:47:33,N/A,N/A
254,53,echswap,2022-09-25 15:47:35,N/A,N/A
255,53,defyswap,2022-09-25 15:47:35,N/A,N/A
256,54,kekswap,2022-09-27 12:04:40,N/A,N/A
257,54,frogswap,2022-09-27 12:04:40,N/A,N/A