{
	"1666600000": [
		{
			"chainId": 1666600000,
			"address": "0x0aB43550A6915F9f67d0c454C2E90385E6497EaA",
			"decimals": 18,
			"name": "BUSD",
			"symbol": "bscBUSD",
			"logoURI": "https://openfi.dev/tokens/default/BUSD.png"
		},
		{
			"chainId": 1666600000,
			"address": "0x985458E523dB3d53125813eD68c274899e9DfAb4",
			"decimals": 6,
			"name": "USDC",
			"symbol": "1USDC",
			"logoURI": "https://openfi.dev/tokens/default/USDC.png"
		},
		{
			"chainId": 1666600000	,
			"address": "0x6983D1E6DEf3690C4d616b13597A09e6193EA013",
			"decimals": 18,
			"name": "Ether",
			"symbol": "1ETH",
			"logoURI": "https://openfi.dev/tokens/default/ETH.png"
		}
	]
}