{
	"43114": [
		{
			"name": "SushiSwap Dex",
			"image": "https://dexscreener.com/builds/1651128859/img/dexes/sushiswap.png",
			"factory": "0xc35DADB65012eC5796536bD9864eD8773aBc74C4",
			"router": "0x1b02dA8Cb0d097eB8D57A175b88c7D8b47997506",
			"masterchef": "0x80C7DD17B01855a6D2347444a0FCC36136a314de",
			"description": "SushiSwap Dex",
			"token": {
				"chainId": 43114,
				"address": "0x0769fd68dFb93167989C6f7254cd0D766Fb2841F",
				"decimals": 18,
				"name": "SushiSwap Token",
				"symbol": "SUSHI",
				"logoURI": "https://dexscreener.com/builds/1651128859/img/dexes/sushiswap.png"
			}
		},
		{
			"name": "TraderJoe Dex",
			"image": "https://s2.coinmarketcap.com/static/img/coins/64x64/11396.png",
			"factory": "0x9Ad6C38BE94206cA50bb0d90783181662f0Cfa10",
			"router": "0x60aE616a2155Ee3d9A68541Ba4544862310933d4",
			"masterchef": "0xd6a4F121CA35509aF06A0Be99093d08462f53052",
			"description": "TraderJoe Dex",
			"token": {
				"chainId": 43114,
				"address": "0x6e84a6216eA6dACC71eE8E6b0a5B7322EEbC0fDd",
				"decimals": 18,
				"name": "JoeToken",
				"symbol": "JOE",
				"logoURI": "https://s2.coinmarketcap.com/static/img/coins/64x64/11396.png"
			}
		},
		{
			"name": "Pangolin Dex",
			"image": "https://assets.coingecko.com/coins/images/14023/small/mXGnm3Eo_400x400.jpg?1644478963",
			"factory": "0xefa94DE7a4656D787667C749f7E1223D71E9FD88",
			"router": "0xE54Ca86531e17Ef3616d22Ca28b0D458b6C89106",
			"masterchef": "0x188bED1968b795d5c9022F6a0bb5931Ac4c18F00",
			"description": "Pangolin Dex",
			"token": {
				"chainId": 43114,
				"address": "0x60781C2586D68229fde47564546784ab3fACA982",
				"decimals": 18,
				"name": "Pangolin Token",
				"symbol": "PNG",
				"logoURI": "https://assets.coingecko.com/coins/images/14023/small/mXGnm3Eo_400x400.jpg?1644478963"
			}
		}
	]
}